tag,count,,,,
simulator,1407,,,,
ios,432,,,,
xcode,315,,,,
iphone,233,,,,
android,73,,,,
java,70,,,,
ios-simulator,53,,,,
objective-c,50,,,,
ipad,48,,,,
simulation,48,,,,
swift,47,,,,
python,46,,,,Filtered tag
c++,38,,,,ns2
c#,32,,,,ns3
networking,30,,,,omnet++
blackberry,28,,,,
c,28,,,,
emulation,27,,,,
assembly,23,,,,
react-native,21,,,,
debugging,20,,,,
xcode9,16,,,,
windows,16,,,,
arm,16,,,,
mobile,16,,,,
macos,16,,,,
xcode6,16,,,,
ns2,15,,,,
cordova,15,,,,
javascript,14,,,,
appium,14,,,,
ios6,13,,,,
xamarin,13,,,,
memory,12,,,,
keyboard,11,,,,
testing,11,,,,
tcl,11,,,,
linux,11,,,,
ns-3,11,,,,
network-programming,11,,,,
omnet++,11,,,,
device,11,,,,
scale,10,,,,
ios8,10,,,,
vhdl,9,,,,
image,9,,,,
eclipse,9,,,,
mips,9,,,,
visual-studio,9,,,,
dice,9,,,,
xcode7,9,,,,
flutter,9,,,,
java-me,8,,,,
performance,8,,,,
caching,8,,,,
video,8,,,,
cpu,8,,,,
user-interface,8,,,,
matlab,8,,,,
class,8,,,,
python-3.x,8,,,,
android-studio,8,,,,
build,7,,,,
multithreading,7,,,,
robotics,7,,,,
cocoa-touch,7,,,,
ios4,7,,,,
gps,7,,,,
screen,7,,,,
xamarin.ios,7,,,,
facebook,7,,,,
ios5,7,,,,
windows-8,7,,,,
random,7,,,,
storyboard,7,,,,
ios7,7,,,,
watchkit,7,,,,
microcontroller,6,,,,
hardware,6,,,,
physics,6,,,,
database,6,,,,
gcc,6,,,,
sdk,6,,,,
audio,6,,,,
robot,6,,,,
xcode4,6,,,,
html5,6,,,,
browser,6,,,,
jenkins,6,,,,
modbus,6,,,,
corona,6,,,,
codenameone,6,,,,
crash,6,,,,
autolayout,6,,,,
tvos,6,,,,
xcode8,6,,,,
actions-on-google,6,,,,
deployment,5,,,,
verilog,5,,,,
sqlite,5,,,,
http,5,,,,
circuit,5,,,,
cllocationmanager,5,,,,
runtime,5,,,,
file,5,,,,
automation,5,,,,
plist,5,,,,
ipa,5,,,,
core-location,5,,,,
android-emulator,5,,,,
button,5,,,,
mplab,5,,,,
visual-studio-2012,5,,,,
safari,5,,,,
notifications,5,,,,
lua,5,,,,
firefox-os,5,,,,
xcode5,5,,,,
printing,5,,,,
function,5,,,,
screenshot,5,,,,
sprite-kit,5,,,,
ios10,5,,,,
gem5,5,,,,
bluetooth,4,,,,
queue,4,,,,
command-line,4,,,,
camera,4,,,,
protocols,4,,,,
rotation,4,,,,
touch,4,,,,
location,4,,,,
wireless,4,,,,
input,4,,,,
php,4,,,,
gesture,4,,,,
in-app-purchase,4,,,,
qemu,4,,,,
graphics,4,,,,
background,4,,,,
x86,4,,,,
proxy,4,,,,
iad,4,,,,
scheduling,4,,,,
css,4,,,,
xcode4.5,4,,,,
blackberry-10,4,,,,
selenium,4,,,,
ubuntu,4,,,,
loops,4,,,,
sockets,4,,,,
actionscript-3,4,,,,
genymotion,4,,,,
gdb,4,,,,
ros,4,,,,
directory,4,,,,
frameworks,4,,,,
winforms,4,,,,
traffic,4,,,,
sumo,4,,,,
swift3,4,,,,
ionic-framework,4,,,,
r,4,,,,
ios11,4,,,,
cpu-architecture,4,,,,
opendaylight,4,,,,
expo,4,,,,
model,3,,,,
eclipse-plugin,3,,,,
graph,3,,,,
motion-planning,3,,,,
ipod-touch,3,,,,
storekit,3,,,,
version,3,,,,
uiwebview,3,,,,
screen-size,3,,,,
serial-port,3,,,,
8051,3,,,,
sms,3,,,,
mouse,3,,,,
tablet,3,,,,
architecture,3,,,,
windows-7,3,,,,
sensor,3,,,,
sendinput,3,,,,
pic,3,,,,
asp.net,3,,,,
connection,3,,,,
exc-bad-access,3,,,,
compilation,3,,,,
events,3,,,,
x86-16,3,,,,
avr,3,,,,
titanium,3,,,,
swing,3,,,,
size,3,,,,
algorithm,3,,,,
microsoft-metro,3,,,,
view,3,,,,
screen-resolution,3,,,,
app-store,3,,,,
multicore,3,,,,
sql,3,,,,
web,3,,,,
settings,3,,,,
windows-runtime,3,,,,
smpp,3,,,,
webdriver,3,,,,
terminal,3,,,,
uitableview,3,,,,
wpf,3,,,,
uiimageview,3,,,,
network-traffic,3,,,,
arrays,3,,,,
html,3,,,,
controller,3,,,,
windows-store-apps,3,,,,
viewcontroller,3,,,,
c++11,3,,,,
firefox,3,,,,
localhost,3,,,,
air,3,,,,
windows-8.1,3,,,,
delphi,3,,,,
64-bit,3,,,,
openstreetmap,3,,,,
atmel,3,,,,
compiler-errors,3,,,,
launch,3,,,,
xcodebuild,3,,,,
meteor,3,,,,
paypal,3,,,,
paypal-ipn,3,,,,
apple-watch,3,,,,
ios9,3,,,,
fastlane,3,,,,
xcode-ui-testing,3,,,,
restcomm,3,,,,
uwp,3,,,,
riscv,3,,,,
iphone-x,3,,,,
dialogflow,3,,,,
xcode10,3,,,,
tcp,2,,,,
memory-leaks,2,,,,
opengl-es,2,,,,
3d,2,,,,
opengl,2,,,,
web-applications,2,,,,
ipod,2,,,,
processor,2,,,,
uitextview,2,,,,
operating-system,2,,,,
interface-builder,2,,,,
core-audio,2,,,,
main,2,,,,
xib,2,,,,
localization,2,,,,
dictionary,2,,,,
static,2,,,,
sigabrt,2,,,,
windows-phone-7,2,,,,
wifi,2,,,,
phone-call,2,,,,
platform,2,,,,
orientation,2,,,,
center,2,,,,
virtual,2,,,,
project,2,,,,
appcode,2,,,,
snmp,2,,,,
microchip,2,,,,
ide,2,,,,
javacard,2,,,,
blackberry-simulator,2,,,,
request,2,,,,
logic,2,,,,
boolean,2,,,,
internationalization,2,,,,
ime,2,,,,
scheduler,2,,,,
avplayer,2,,,,
cpu-registers,2,,,,
.net,2,,,,
opc,2,,,,
cross-platform,2,,,,
flash,2,,,,
webkit,2,,,,
tcpclient,2,,,,
state-machine,2,,,,
keydown,2,,,,
energy,2,,,,
mobile-browser,2,,,,
mpi,2,,,,
mkmapview,2,,,,
forms,2,,,,
sprite,2,,,,
unity3d,2,,,,
pygame,2,,,,
currency,2,,,,
obd-ii,2,,,,
time,2,,,,
scroll,2,,,,
parallel-processing,2,,,,
calendar,2,,,,
windows-phone-8,2,,,,
uiimage,2,,,,
afnetworking,2,,,,
embedded,2,,,,
list,2,,,,
basic,2,,,,
python-2.7,2,,,,
prototype,2,,,,
keychain,2,,,,
bare-metal,2,,,,
newlib,2,,,,
simulate,2,,,,
llvm,2,,,,
spim,2,,,,
matrix,2,,,,
onvif,2,,,,
node.js,2,,,,
maven,2,,,,
refresh,2,,,,
appcelerator,2,,,,
branch-prediction,2,,,,
methods,2,,,,
armv6,2,,,,
cuda,2,,,,
matplotlib,2,,,,
game-physics,2,,,,
turing-machines,2,,,,
simulink,2,,,,
point-of-sale,2,,,,
bluetooth-lowenergy,2,,,,
sagepay,2,,,,
monitoring,2,,,,
iphone-4,2,,,,
libgdx,2,,,,
robovm,2,,,,
visual-studio-2013,2,,,,
vba,2,,,,
system-calls,2,,,,
email,2,,,,
cmake,2,,,,
timer,2,,,,
icloud,2,,,,
ruby,2,,,,
selenium-webdriver,2,,,,
atmelstudio,2,,,,
uiscreen,2,,,,
mainscreen,2,,,,
wear-os,2,,,,
iphone-6,2,,,,
iphone-6-plus,2,,,,
adbannerview,2,,,,
server,2,,,,
admob,2,,,,
i386,2,,,,
xcode-6.2,2,,,,
linker,2,,,,
install,2,,,,
itunesconnect,2,,,,
xcode6.3,2,,,,
machine-code,2,,,,
lc3,2,,,,
modelsim,2,,,,
uilocalnotification,2,,,,
xcrun,2,,,,
directshow,2,,,,
prolog,2,,,,
angularjs,2,,,,
fonts,2,,,,
watch,2,,,,
eclipse-cdt,2,,,,
2d,2,,,,
uiscrollview,2,,,,
preview,2,,,,
authentication,2,,,,
stack,2,,,,
homekit,2,,,,
gpx,2,,,,
reactjs,2,,,,
generator,2,,,,
phlivephoto,2,,,,
traffic-simulation,2,,,,
sorting,2,,,,
arduino,2,,,,
system-verilog,2,,,,
boot,2,,,,
gravity,2,,,,
animation,2,,,,
canvas,2,,,,
visual-studio-2017,2,,,,
virtual-machine,2,,,,
face-id,2,,,,
firebase,2,,,,
google-chrome,2,,,,
isa,2,,,,
citrus-framework,2,,,,
ietf-netconf,2,,,,
xcuitest,2,,,,
dart,2,,,,
carla,2,,,,
detox,2,,,,
xcode11,2,,,,
javafx,2,,,,
warnings,1,,,,
blackberry-os-v4.5,1,,,,
bounce,1,,,,
switch-statement,1,,,,
rim-4.6,1,,,,
persistence,1,,,,
editor,1,,,,
unreal-development-kit,1,,,,
roaming,1,,,,
textures,1,,,,
dashcode,1,,,,
rss,1,,,,
parsing,1,,,,
flickr,1,,,,
core,1,,,,
magic-mouse,1,,,,
theory,1,,,,
iphone-sdk-3.0,1,,,,
qt,1,,,,
sip,1,,,,
itunes,1,,,,
sync,1,,,,
iphone-sdk-3.2,1,,,,
beta,1,,,,
photo-gallery,1,,,,
cllocation,1,,,,
scrollbar,1,,,,
absolutelayout,1,,,,
import,1,,,,
preprocessor,1,,,,
conditional-compilation,1,,,,
bada,1,,,,
media,1,,,,
recording,1,,,,
jvm,1,,,,
baud-rate,1,,,,
wan,1,,,,
ios3.0,1,,,,
data-modeling,1,,,,
arena-simulation,1,,,,
persistent-data,1,,,,
uiinterfaceorientation,1,,,,
java-2d,1,,,,
jmonkeyengine,1,,,,
system,1,,,,
build-automation,1,,,,
loader,1,,,,
adhoc,1,,,,
mobile-phones,1,,,,
nokia,1,,,,
nstimer,1,,,,
writetofile,1,,,,
applescript,1,,,,
tablet-pc,1,,,,
cygwin,1,,,,
visio,1,,,,
coordinates,1,,,,
webos,1,,,,
workflow,1,,,,
unicode,1,,,,
p2p,1,,,,
nat,1,,,,
bandwidth,1,,,,
bandwidth-throttling,1,,,,
directory-structure,1,,,,
pinch,1,,,,
poc,1,,,,
window,1,,,,
hud,1,,,,
filesystems,1,,,,
programming-languages,1,,,,
cobol,1,,,,
bundle,1,,,,
android-c2dm,1,,,,
path-finding,1,,,,
a-star,1,,,,
infrared,1,,,,
avfoundation,1,,,,
zxing,1,,,,
benchmarking,1,,,,
finance,1,,,,
detect,1,,,,
file-browser,1,,,,
gesture-recognition,1,,,,
nsdocumentdirectory,1,,,,
md5,1,,,,
swipe,1,,,,
wrapper,1,,,,
header-files,1,,,,
geolocation,1,,,,
google-maps,1,,,,
naming-conventions,1,,,,
sim-card,1,,,,
smartcard,1,,,,
asp.net-mvc-3,1,,,,
bold,1,,,,
symbian,1,,,,
navigationbar,1,,,,
game-center,1,,,,
bb-messenger,1,,,,
linked-list,1,,,,
barcode,1,,,,
version-control,1,,,,
application-icon,1,,,,
capture,1,,,,
xcode4.1,1,,,,
binding,1,,,,
dns,1,,,,
xcode4.2,1,,,,
telephony,1,,,,
stack-overflow,1,,,,
deterministic,1,,,,
bit-shift,1,,,,
console,1,,,,
redirect,1,,,,
applet,1,,,,
iphone-developer-program,1,,,,
tilt,1,,,,
return,1,,,,
in-app,1,,,,
automatic-ref-counting,1,,,,
atmega16,1,,,,
blackberry-playbook,1,,,,
message,1,,,,
bots,1,,,,
testcase,1,,,,
vpn,1,,,,
commoncrypto,1,,,,
mpmovieplayer,1,,,,
uiwebviewdelegate,1,,,,
dos,1,,,,
zen,1,,,,
midi,1,,,,
xcode4.3,1,,,,
state,1,,,,
text,1,,,,
clipboard,1,,,,
opencv,1,,,,
perspective,1,,,,
networkstream,1,,,,
desktop,1,,,,
pc,1,,,,
character,1,,,,
charles-proxy,1,,,,
quit,1,,,,
updating,1,,,,
retina-display,1,,,,
contacts,1,,,,
xcode4.4,1,,,,
select,1,,,,
documents,1,,,,
registration,1,,,,
testflight,1,,,,
load,1,,,,
media-queries,1,,,,
jde,1,,,,
tableview,1,,,,
asiformdatarequest,1,,,,
cocos2d-iphone,1,,,,
tags,1,,,,
nsmutablearray,1,,,,
resolution,1,,,,
iphone-5,1,,,,
out,1,,,,
television,1,,,,
nsfilemanager,1,,,,
mpmediaplayercontroller,1,,,,
osx-mountain-lion,1,,,,
cross-compiling,1,,,,
glibc,1,,,,
youtube,1,,,,
gambling,1,,,,
gsm,1,,,,
adc,1,,,,
observer-pattern,1,,,,
drag,1,,,,
ruby-on-rails,1,,,,
windows-applications,1,,,,
bootcamp,1,,,,
kannel,1,,,,
control-theory,1,,,,
multiprocessing,1,,,,
blackberry-android,1,,,,
nsrunningapplication,1,,,,
frank,1,,,,
kill,1,,,,
prompt,1,,,,
bookmarks,1,,,,
cloud,1,,,,
rmi,1,,,,
demo,1,,,,
tapku,1,,,,
fault,1,,,,
gaussian,1,,,,
for-loop,1,,,,
mode,1,,,,
directive,1,,,,
iar,1,,,,
openflow,1,,,,
fpga,1,,,,
fuse,1,,,,
xilinx,1,,,,
alpha,1,,,,
versioning,1,,,,
archiving,1,,,,
tap,1,,,,
core-data,1,,,,
iteration,1,,,,
ldap,1,,,,
uiviewcontroller,1,,,,
png,1,,,,
flash-memory,1,,,,
winrt-xaml,1,,,,
application-lifecycle,1,,,,
indexoutofboundsexception,1,,,,
ios5.1,1,,,,
ios6.1,1,,,,
eclipse-rcp,1,,,,
file-not-found,1,,,,
device-orientation,1,,,,
hdl,1,,,,
hardware-design,1,,,,
segue,1,,,,
profiler,1,,,,
usability,1,,,,
ivr,1,,,,
tomcat,1,,,,
jboss,1,,,,
ussd,1,,,,
uislider,1,,,,
wap,1,,,,
wml,1,,,,
delegates,1,,,,
friend,1,,,,
dump,1,,,,
widescreen,1,,,,
vnc-viewer,1,,,,
war,1,,,,
gtk,1,,,,
provisioning,1,,,,
camera-calibration,1,,,,
clang,1,,,,
fax,1,,,,
apportable,1,,,,
vmware-player,1,,,,
csound,1,,,,
textbox,1,,,,
labels,1,,,,
mongodb,1,,,,
libraries,1,,,,
nosql,1,,,,
signals,1,,,,
streaming,1,,,,
68000,1,,,,
firefox-addon-sdk,1,,,,
netbeans,1,,,,
jlabel,1,,,,
eda,1,,,,
cortex-a8,1,,,,
ds-5,1,,,,
rs485,1,,,,
winapi,1,,,,
javapos,1,,,,
ip-camera,1,,,,
cctv,1,,,,
icu,1,,,,
oracle-adf,1,,,,
jdeveloper,1,,,,
mobile-os,1,,,,
globals,1,,,,
multilingual,1,,,,
junit,1,,,,
scope,1,,,,
ocr,1,,,,
pipeline,1,,,,
raspberry-pi,1,,,,
flash-builder,1,,,,
compiler-construction,1,,,,
abaddressbook,1,,,,
key,1,,,,
counter,1,,,,
python-3.2,1,,,,
uitabview,1,,,,
allocation,1,,,,
recursion,1,,,,
pspice,1,,,,
orcad,1,,,,
blurry,1,,,,
android-bluetooth,1,,,,
wallpaper,1,,,,
routing,1,,,,
configuration,1,,,,
haskell,1,,,,
concurrency,1,,,,
byte,1,,,,
addition,1,,,,
6502,1,,,,
proxy-server,1,,,,
tor,1,,,,
adk,1,,,,
stub,1,,,,
cmd,1,,,,
calculator,1,,,,
latency,1,,,,
disassembly,1,,,,
program-counter,1,,,,
y86,1,,,,
depth-buffer,1,,,,
avd,1,,,,
sdl,1,,,,
xaml,1,,,,
distribution,1,,,,
normal-distribution,1,,,,
modeling,1,,,,
priority-queue,1,,,,
compile-time,1,,,,
messageui,1,,,,
communication,1,,,,
jscrollpane,1,,,,
instantiation,1,,,,
login,1,,,,
xamarin.android,1,,,,
xcode5.1,1,,,,
ajax,1,,,,
selendroid,1,,,,
ibm-mobilefirst,1,,,,
nskeyedarchiver,1,,,,
uisegmentedcontrol,1,,,,
semantics,1,,,,
gpgpu,1,,,,
kepler,1,,,,
inputaccessoryview,1,,,,
skphysicsbody,1,,,,
responsive-design,1,,,,
arm64,1,,,,
fast-model,1,,,,
uart,1,,,,
atmega,1,,,,
garbage-collection,1,,,,
icons,1,,,,
bounds,1,,,,
openssl,1,,,,
fips,1,,,,
runtime-error,1,,,,
repast-simphony,1,,,,
attributes,1,,,,
microprocessors,1,,,,
clause,1,,,,
throws,1,,,,
accelerometer,1,,,,
sikuli,1,,,,
starling-framework,1,,,,
xcode3.2,1,,,,
bochs,1,,,,
io,1,,,,
btle,1,,,,
jquery,1,,,,
checkbox,1,,,,
globalplatform,1,,,,
modern-ui,1,,,,
public-key-encryption,1,,,,
social-networking,1,,,,
console-application,1,,,,
terminate,1,,,,
segmentation-fault,1,,,,
vb.net,1,,,,
crop,1,,,,
multi-user,1,,,,
landscape-portrait,1,,,,
xcode6.1-gm-seed,1,,,,
prefetch,1,,,,
ios-ui-automation,1,,,,
game-development,1,,,,
interrupted-exception,1,,,,
ios-keyboard-extension,1,,,,
xcode5.1.1,1,,,,
master-detail,1,,,,
volume,1,,,,
textfield,1,,,,
ms-media-foundation,1,,,,
sample,1,,,,
firemonkey,1,,,,
structure,1,,,,
alu,1,,,,
zposition,1,,,,
graphing,1,,,,
watchapp,1,,,,
increment,1,,,,
instructions,1,,,,
machine-instruction,1,,,,
ios8.3,1,,,,
ssl,1,,,,
duration,1,,,,
phase,1,,,,
systemc,1,,,,
32-bit,1,,,,
visual-studio-2010,1,,,,
nao-robot,1,,,,
jframe,1,,,,
radio-button,1,,,,
repeat,1,,,,
udp,1,,,,
avcodec,1,,,,
ios8.1,1,,,,
machine-learning,1,,,,
prediction,1,,,,
xcode6.3.2,1,,,,
binary,1,,,,
unsatisfiedlinkerror,1,,,,
photos,1,,,,
xcode6.4,1,,,,
webstorm,1,,,,
visibility,1,,,,
iso,1,,,,
ios8.4,1,,,,
audio-recording,1,,,,
mozilla,1,,,,
computer-architecture,1,,,,
default,1,,,,
stretched,1,,,,
nsdata,1,,,,
watch-os-2,1,,,,
iframe,1,,,,
iis,1,,,,
service,1,,,,
amazon,1,,,,
amazon-echo,1,,,,
custom-font,1,,,,
colors,1,,,,
xcode7-beta2,1,,,,
missing-features,1,,,,
scrollview,1,,,,
local,1,,,,
uipickerview,1,,,,
mars-simulator,1,,,,
player-stage,1,,,,
ios9.1,1,,,,
localnotification,1,,,,
active-hdl,1,,,,
watch-os,1,,,,
mpu,1,,,,
design-patterns,1,,,,
mininet,1,,,,
kernel,1,,,,
vxworks,1,,,,
mmu,1,,,,
nullpointerexception,1,,,,
meta,1,,,,
visual-studio-2008,1,,,,
nslog,1,,,,
ios-homekit,1,,,,
reference,1,,,,
hex,1,,,,
intellij-idea,1,,,,
pom.xml,1,,,,
registry,1,,,,
mips32,1,,,,
qtspim,1,,,,
nsuserdefaults,1,,,,
epson,1,,,,
appium-ios,1,,,,
powerpc,1,,,,
asynchronous,1,,,,
myeclipse,1,,,,
veins,1,,,,
uiactivityviewcontroller,1,,,,
numbers,1,,,,
stackview,1,,,,
neural-network,1,,,,
neuroscience,1,,,,
biological-neural-network,1,,,,
neuron-simulator,1,,,,
quartus,1,,,,
arguments,1,,,,
annotations,1,,,,
mapkit,1,,,,
asp.net-mvc,1,,,,
ironpython,1,,,,
named-pipes,1,,,,
dynamic-language-runtime,1,,,,
single-page-application,1,,,,
drawing,1,,,,
cors,1,,,,
snapshot,1,,,,
pdp-11,1,,,,
socat,1,,,,
scheduledexecutorservice,1,,,,
gprs,1,,,,
telecommunication,1,,,,
click,1,,,,
contact,1,,,,
hyper-v,1,,,,
jbutton,1,,,,
swap,1,,,,
touchesbegan,1,,,,
visualization,1,,,,
z80,1,,,,
waveform,1,,,,
uvm,1,,,,
jsmpp,1,,,,
cpu-cache,1,,,,
rfid,1,,,,
ssd,1,,,,
elapsed,1,,,,
trace,1,,,,
modbus-tcp,1,,,,
topology,1,,,,
keyboard-events,1,,,,
permissions,1,,,,
hadoop,1,,,,
yarn,1,,,,
mixim,1,,,,
sql-order-by,1,,,,
userdefaults,1,,,,
inet,1,,,,
simavr,1,,,,
heap,1,,,,
android-wear-2.0,1,,,,
codesign,1,,,,
push-notification,1,,,,
uivisualeffectview,1,,,,
osx-elcapitan,1,,,,
wsod,1,,,,
app-transport-security,1,,,,
automated-tests,1,,,,
run-script,1,,,,
montecarlo,1,,,,
mips64,1,,,,
dji-sdk,1,,,,
google-cloud-platform,1,,,,
api-ai,1,,,,
frames,1,,,,
ui-design,1,,,,
file-management,1,,,,
voice-recognition,1,,,,
xamarin.forms,1,,,,
vpython,1,,,,
data-structures,1,,,,
windows-10-universal,1,,,,
nsurlrequest,1,,,,
crypto++,1,,,,
render,1,,,,
hex-file,1,,,,
peripherals,1,,,,
cytoscape.js,1,,,,
automata,1,,,,
contiki,1,,,,
ionic2,1,,,,
viewwilltransitiontosize,1,,,,
wkwebview,1,,,,
imessage-extension,1,,,,
pdf,1,,,,
android-mapview,1,,,,
mapreduce,1,,,,
bigdata,1,,,,
cluster-computing,1,,,,
pymunk,1,,,,
biometrics,1,,,,
download,1,,,,
web-services,1,,,,
blockchain,1,,,,
constraints,1,,,,
collision,1,,,,
picturebox,1,,,,
amazon-ec2,1,,,,
game-engine,1,,,,
x11,1,,,,
nvidia,1,,,,
uitapgesturerecognizer,1,,,,
uipangesturerecognizer,1,,,,
swift4,1,,,,
anylogic,1,,,,
fifo,1,,,,
system-on-chip,1,,,,
statistics,1,,,,
recover,1,,,,
apache-spark,1,,,,
distributed-computing,1,,,,
draw,1,,,,
antialiasing,1,,,,
persistent,1,,,,
nscoder,1,,,,
kotlin,1,,,,
microservices,1,,,,
netflix-eureka,1,,,,
synthesizer,1,,,,
xcode9.4-beta,1,,,,
rpc,1,,,,
ietf-netmod-yang,1,,,,
juniper,1,,,,
optimization,1,,,,
mathematical-optimization,1,,,,
amazon-web-services,1,,,,
gamepad,1,,,,
8085,1,,,,
alexa,1,,,,
alexa-skills-kit,1,,,,
remote-debugging,1,,,,
inheritance,1,,,,
composition,1,,,,
ffmpeg,1,,,,
linphone,1,,,,
adb,1,,,,
chmod,1,,,,
tizen,1,,,,
asus,1,,,,
mkmapsnapshotter,1,,,,
airconsole,1,,,,
ambiguity,1,,,,
server-sent-events,1,,,,
wiremock,1,,,,
linux-mint,1,,,,
ui-testing,1,,,,
parallel-testing,1,,,,
safari-web-inspector,1,,,,
unit-testing,1,,,,
xpc,1,,,,
lte,1,,,,
rest,1,,,,
vcenter,1,,,,
cellular-network,1,,,,
network-security,1,,,,
light,1,,,,
4g,1,,,,
pipe,1,,,,
mpremotecommandcenter,1,,,,
g++,1,,,,
reactive-programming,1,,,,
ati,1,,,,
native,1,,,,
skstorereviewcontroller,1,,,,
redis,1,,,,
ycsb,1,,,,
persistent-memory,1,,,,
shared-libraries,1,,,,
webcam,1,,,,
xctest,1,,,,
single-sign-on,1,,,,
saml,1,,,,
idp,1,,,,
layout,1,,,,
visual-studio-code,1,,,,
data-acquisition,1,,,,
scenekit,1,,,,
scnnode,1,,,,
posix,1,,,,
integration-testing,1,,,,
microsoft-dynamics,1,,,,
mirrorlink,1,,,,
static-libraries,1,,,,
plc,1,,,,
serial-communication,1,,,,
reverse-engineering,1,,,,
pymodbus3,1,,,,
astronomy,1,,,,
stm32,1,,,,
raw-input,1,,,,
propagation,1,,,,
tpm,1,,,,
voip,1,,,,
risc,1,,,,
applesimutils,1,,,,
imageview,1,,,,
slime,1,,,,
api,1,,,,
firmware,1,,,,
joystick,1,,,,
n-queens,1,,,,
cesium,1,,,,
satellite,1,,,,
process,1,,,,
gekko,1,,,,
non-linear,1,,,,
